month,doctorwho,math,funny,gameofthrones,lost,AskReddit,grandorder,books,DestinyTheGame,asoiaf,fireemblemcasual,comics,fireemblem,bookclub,fnv,Undertale,sodypop,StardustCrusaders,metalgearsolid,IAmA,reddeadredemption,Diablo,DDLC,fo4,ColtsvsJetsLive,delusionalcraigslist,StoriesWithAHole,MassEffectPhoenix,thewalkingdead,Naruto,pokemon,jamt9000,Animemes,NFLstreamLives,MrRobot,WTF,ShingekiNoKyojin,TheWitness,bindingofisaac,scifi,GrandTheftAutoV,stevenuniverse,PictureGame,Portal,FFXV,riddles,darksouls,Sekiro,masseffect,DotA2,Xenoblade_Chronicles,tvclub,halo,witcher,anime,smashbros,babylon5,PS3,TwoBestFriendsPlay,Games,KingdomHearts,rupaulsdragrace,visualnovels,zelda,gaming,skyrim,Deusex,Fallout,AceAttorney,StarWars,danganronpa,bloodborne,BokuNoHeroAcademia,reddit.com,TheLastAirbender,FinalFantasy,dragonage,manga,WebGames,DarkSouls2,darksouls3,breakingbad,Borderlands,movies,dwarffortress,Bioshock,harrypotter,nier,TheExpanse,westworld,marvelstudios,others
2008-12-01,0,0,0,0,0,0,0,0,0,0,0,0,0,0,0,0,0,0,0,0,0,0,0,0,0,0,0,0,0,0,0,0,0,0,0,1,0,0,0,0,0,0,0,0,0,0,0,0,0,0,0,0,0,0,0,0,0,0,0,0,0,0,0,0,0,0,0,0,0,0,0,0,0,0,0,0,0,0,0,0,0,0,0,0,0,0,0,0,0,0,0,0
2009-10-01,0,0,0,0,0,2,0,0,0,0,0,0,0,0,0,0,3,0,0,24,0,0,0,0,0,0,0,0,0,0,0,4,0,0,0,0,0,0,0,0,0,0,0,0,0,0,0,0,0,0,0,0,0,0,0,0,0,0,0,0,0,0,0,0,1,0,0,0,0,0,0,0,0,0,0,0,0,0,85,0,0,0,0,0,0,0,0,0,0,0,0,2
2009-11-01,0,0,1,0,0,0,0,1,0,0,0,0,0,0,0,0,0,0,0,0,0,0,0,0,0,0,0,0,0,0,0,0,0,0,0,0,0,0,0,0,0,0,0,0,0,0,0,0,0,0,0,0,0,0,0,0,0,0,0,0,0,0,0,0,0,0,0,0,0,0,0,0,0,1,0,0,0,0,22,0,0,0,0,0,0,0,0,0,0,0,0,0
2009-12-01,0,1,0,0,0,0,0,0,0,0,0,0,0,0,0,0,0,0,0,0,0,0,0,0,0,0,0,0,0,0,0,0,0,0,0,0,0,0,0,0,0,0,0,0,0,0,0,0,0,0,0,12,0,0,0,0,0,0,0,0,0,0,0,0,0,0,0,0,0,0,0,0,0,0,0,0,0,0,97,0,0,0,0,0,0,0,0,0,0,0,0,0
2010-01-01,0,0,0,0,10,0,0,0,0,0,0,2,0,0,0,0,0,0,0,0,0,0,0,0,0,0,0,0,0,0,0,0,0,0,0,0,0,0,0,0,0,0,0,0,0,0,0,0,0,0,0,1,0,0,0,0,0,0,0,0,0,0,0,0,1,0,0,0,0,0,0,0,0,0,0,0,0,0,6,0,0,0,0,0,0,0,0,0,0,0,0,0
2010-02-01,0,0,0,0,89,1,0,0,0,0,0,0,0,1,0,0,0,0,0,0,0,0,0,0,0,0,0,0,0,0,0,0,0,0,0,0,0,0,0,0,0,0,0,0,0,0,0,0,0,0,0,0,0,0,0,0,0,0,0,0,0,0,0,0,0,0,0,0,0,0,0,0,0,0,0,0,0,0,19,0,0,0,0,2,0,0,0,0,0,0,0,1
2010-03-01,0,0,3,0,268,3,0,3,0,0,0,1,0,5,0,0,0,0,0,0,0,0,0,0,0,0,0,0,0,0,1,0,0,0,0,1,0,0,0,6,0,0,0,0,0,0,0,0,0,0,0,0,0,0,9,0,0,29,0,0,0,0,0,0,342,0,0,0,0,0,0,0,0,0,0,0,0,0,15,0,0,0,0,3,0,0,0,0,0,0,0,10
2010-04-01,29,0,1,0,152,9,0,14,0,0,0,1,0,1,0,0,0,0,0,1,0,0,0,0,0,0,0,0,0,0,0,0,0,0,0,1,0,0,0,5,0,0,0,0,0,0,0,0,0,0,0,0,0,0,4,0,0,3,0,0,0,0,0,0,231,0,0,0,0,0,0,0,0,3,0,0,0,0,11,0,0,0,0,1,13,0,0,0,0,0,0,15
2010-05-01,63,0,2,0,48,4,0,7,0,0,0,0,0,1,0,0,0,0,0,1,0,0,0,0,0,0,0,0,0,0,0,0,0,0,0,1,0,0,0,1,0,0,0,0,0,0,0,0,0,0,0,0,0,0,4,0,0,4,0,0,0,0,0,0,310,0,0,0,0,0,0,0,0,1,0,0,0,0,16,0,0,5,0,2,5,0,0,0,0,0,0,27
2010-06-01,138,0,0,0,9,6,0,27,0,0,0,0,0,9,0,0,0,0,0,0,14,0,0,0,0,0,0,0,0,2,0,1,0,0,0,0,0,0,0,0,0,0,0,0,0,0,0,0,0,0,0,0,0,0,23,0,0,1,0,0,0,0,0,0,450,0,0,0,0,9,0,0,0,1,0,0,0,0,20,0,0,4,0,2,1,0,0,0,0,0,0,29
2010-07-01,31,0,1,0,6,15,0,47,0,0,0,0,0,5,0,0,0,0,0,1,0,0,0,0,0,0,62,0,0,0,0,0,0,0,0,0,0,0,0,3,0,0,0,0,0,0,0,0,0,0,0,0,0,0,45,0,3,4,0,0,0,0,0,0,391,0,0,0,0,2,0,0,0,3,0,0,0,0,14,0,0,1,0,67,14,0,0,0,0,0,0,53
2010-08-01,11,0,2,0,4,15,0,47,0,0,0,0,0,5,0,0,0,0,0,2,0,0,0,0,0,0,33,0,0,1,0,0,0,0,0,0,0,0,0,3,0,0,0,0,0,0,0,0,0,0,0,0,3,0,4,0,24,1,0,0,0,0,0,0,423,0,0,0,0,1,0,0,0,0,0,0,0,0,35,0,0,1,0,51,9,0,0,0,0,0,0,37
2010-09-01,13,0,2,0,1,17,0,17,0,0,0,0,0,2,0,0,0,0,0,2,0,0,0,0,0,0,1,0,0,0,5,0,0,0,0,0,0,0,0,5,0,0,0,0,0,0,0,0,0,0,0,0,23,0,34,0,19,18,0,0,0,0,0,0,440,0,0,0,0,0,0,0,0,3,0,0,0,0,14,0,0,0,0,36,14,0,0,0,0,0,0,52
2010-10-01,26,0,2,0,3,6,0,226,0,0,0,3,0,2,108,0,0,0,0,0,0,0,0,0,0,0,1,0,0,0,5,0,0,0,0,2,0,0,0,29,0,0,0,0,0,0,0,0,0,0,0,0,5,0,77,0,12,5,0,0,0,0,0,0,440,0,0,0,0,0,0,0,0,0,0,0,0,0,22,0,0,0,0,46,7,0,0,0,0,0,0,64
2010-11-01,17,3,4,0,2,16,0,49,0,0,0,0,0,1,219,0,0,0,0,2,0,0,0,0,0,0,3,0,54,1,5,0,0,0,0,1,0,0,0,44,0,0,0,0,0,0,0,0,0,0,0,0,3,0,60,0,8,7,0,0,0,0,0,0,516,0,0,0,0,0,0,0,0,3,0,0,0,1,24,0,0,0,0,51,2,0,0,0,0,0,0,105
2010-12-01,50,0,4,0,0,14,0,50,0,0,0,0,0,4,60,0,0,0,0,0,0,0,0,0,0,0,0,0,27,0,8,0,0,0,0,0,0,0,0,47,0,0,0,0,0,0,0,0,0,0,0,0,4,0,113,0,0,25,0,0,0,0,0,0,593,0,0,0,0,0,0,0,0,2,0,0,0,0,36,0,0,0,0,80,5,0,0,0,0,0,0,105
2011-01-01,59,0,1,0,2,17,0,36,0,0,0,0,0,5,18,0,0,0,0,0,0,0,0,0,0,0,0,0,1,1,7,0,0,0,0,2,0,0,0,59,0,0,0,0,0,0,0,0,2,0,0,0,2,0,94,0,1,25,0,0,0,0,0,1,525,0,0,0,0,1,0,0,0,5,0,0,0,0,42,0,0,2,0,79,1,0,0,0,0,0,0,177
2011-02-01,46,0,4,0,1,13,0,13,0,0,0,2,0,0,2,0,0,0,0,1,0,0,0,0,0,0,0,0,0,0,9,0,0,0,0,2,0,0,0,46,0,0,0,0,0,0,0,0,0,0,0,0,2,0,192,0,1,4,0,0,0,0,0,0,472,0,0,0,0,0,0,0,0,3,0,0,0,0,48,0,0,0,0,70,2,0,0,0,0,0,0,167
2011-03-01,128,1,3,0,3,13,0,94,0,32,0,0,0,0,5,0,0,0,0,2,0,0,0,0,0,0,0,0,0,0,87,0,0,0,0,1,0,0,0,39,0,0,0,0,0,0,1,0,1,0,0,0,0,0,253,0,7,23,0,0,0,0,0,0,940,0,0,0,0,0,0,0,0,3,0,0,6,0,35,0,0,4,0,84,2,0,0,0,0,0,0,206
2011-04-01,432,1,2,641,0,24,0,40,0,149,0,2,0,0,11,0,0,0,0,2,0,0,0,0,0,0,0,0,1,1,38,0,0,0,0,3,0,0,0,42,0,0,0,508,0,0,0,0,3,0,0,0,0,0,243,0,4,13,0,0,0,0,0,0,1957,1,0,0,0,0,0,0,0,2,0,0,0,0,111,0,0,8,0,81,1,0,0,0,0,0,0,290
2011-05-01,809,1,5,266,3,12,0,39,0,750,0,0,0,0,23,0,0,0,0,1,0,0,0,0,0,0,0,0,0,1,41,0,0,0,0,4,0,0,0,43,0,0,0,145,0,0,0,0,46,0,0,0,0,12,237,0,4,14,0,0,0,0,0,0,1198,0,0,0,0,1,0,0,0,6,0,0,0,0,68,0,0,6,0,101,5,0,0,0,0,0,0,290
2011-06-01,504,0,8,802,2,22,0,120,0,1509,0,0,0,0,12,0,0,0,0,2,0,0,0,0,0,0,0,0,2,2,15,0,0,0,0,5,0,0,0,56,0,0,0,34,0,0,1,0,66,0,0,0,4,0,355,0,0,23,0,0,0,0,0,3,739,0,0,1,0,0,0,0,0,8,0,0,0,10,15,0,0,8,0,171,9,0,0,0,0,0,0,384
2011-07-01,296,0,14,185,0,24,0,52,0,627,0,0,0,1,30,0,0,0,0,0,0,0,0,0,0,0,0,0,3,1,21,0,0,0,0,1,0,0,0,42,0,0,0,9,0,0,1,0,62,0,0,0,3,0,284,0,0,11,0,0,0,0,0,0,654,0,0,0,0,0,0,0,0,5,11,0,1,10,21,0,0,88,0,120,7,0,9,0,0,0,0,406
2011-08-01,491,3,17,118,2,19,0,48,0,767,0,1,0,0,40,0,0,0,0,2,0,0,0,0,0,0,0,0,0,0,13,0,0,0,0,0,0,0,0,64,0,0,0,7,0,0,2,0,119,34,0,0,3,0,464,0,0,8,0,0,0,0,0,0,865,0,204,22,0,0,0,0,0,2,5,0,0,31,45,0,0,46,1,187,20,0,1,0,0,0,0,745
2011-09-01,509,2,16,125,2,432,0,61,0,409,0,0,0,2,40,0,0,0,0,14,0,22,0,0,0,0,0,0,2,1,15,0,0,0,0,0,0,0,0,53,0,0,0,17,0,0,11,0,69,84,0,0,3,0,639,0,0,6,0,0,0,0,0,1,1071,1,124,42,0,0,0,0,0,8,4,0,0,13,15,0,0,89,1,112,7,0,2,0,0,0,0,1236
2011-10-01,251,0,40,72,0,865,0,52,0,438,0,1,0,0,19,0,0,0,0,9,0,11,0,0,0,0,0,0,75,0,11,0,0,0,0,1,0,0,0,68,1,0,0,9,0,1,1189,0,71,6,0,0,3,0,532,0,0,9,0,0,0,0,0,0,712,41,22,56,0,0,0,0,0,2,0,0,2,31,46,0,0,198,1,166,10,0,1,0,0,0,0,1284
2011-11-01,100,1,49,74,2,1135,0,73,0,307,0,1,0,1,10,0,0,0,0,15,0,21,0,0,0,0,0,0,283,1,31,0,0,0,0,5,0,0,0,62,0,0,0,6,0,0,249,0,121,31,0,0,5,0,352,0,0,4,0,289,0,0,1,406,1270,4409,2,6,0,0,0,0,0,1,6,0,0,20,16,0,0,20,0,439,5,0,1,0,0,0,0,1815
2011-12-01,153,0,69,51,3,1107,0,122,0,500,0,1,0,0,3,0,0,0,0,12,0,8,0,0,0,0,0,0,54,3,19,0,0,0,0,3,0,0,0,52,0,0,0,2,0,1,102,0,95,27,0,0,3,0,646,0,1,21,0,190,3,0,0,363,698,2953,1,22,0,0,0,0,0,0,27,0,0,40,16,0,0,2,2,346,12,0,1,0,0,0,0,1595
2012-01-01,164,2,59,59,1,1132,0,109,0,550,0,0,0,1,4,0,0,0,5,25,0,1,0,0,0,0,0,0,48,1,13,0,0,0,0,2,0,0,7,54,0,0,0,4,0,0,192,0,268,22,0,0,8,0,793,0,2,17,0,338,0,0,5,125,655,877,5,55,0,1,0,0,0,0,22,1,1,47,39,0,0,49,1,347,8,0,2,0,0,0,0,2623
2012-02-01,153,0,93,93,4,1277,0,82,0,485,0,1,0,4,3,0,0,0,3,14,0,16,0,0,0,0,0,0,243,33,23,0,0,0,0,6,0,0,2,24,0,0,0,1,0,39,201,0,899,43,0,0,2,0,951,1,1,7,0,651,0,0,7,54,786,405,1,25,0,0,0,0,0,0,12,0,0,53,14,0,0,47,0,350,9,0,3,0,0,0,0,2201
2012-03-01,219,0,112,134,4,1045,0,207,0,676,0,2,0,0,3,0,0,0,13,36,0,24,0,0,0,0,0,0,841,10,45,0,0,0,0,6,0,0,2,36,0,0,0,0,0,90,164,0,4819,26,0,0,11,0,1132,0,6,34,0,727,1,0,3,39,2225,243,2,50,0,0,0,0,0,0,88,1,0,43,19,0,0,51,2,393,6,2,3,0,0,0,0,2523
2012-04-01,260,0,132,598,2,1069,0,113,0,983,0,1,0,0,12,0,0,0,11,42,1,175,0,0,0,0,0,0,76,21,24,0,0,0,0,11,0,0,4,38,0,0,0,11,0,170,208,0,978,33,0,0,12,0,677,0,1,8,0,278,4,0,18,38,815,199,0,116,0,0,0,0,0,0,263,0,3,41,1,0,0,71,1,582,13,0,0,0,0,0,0,2433
2012-05-01,152,0,203,1192,0,1673,0,96,0,779,0,4,0,0,8,0,0,0,14,32,0,1485,0,0,0,0,0,0,29,18,56,0,0,0,0,5,0,0,35,36,0,0,0,24,0,75,128,0,338,122,0,0,14,0,692,0,0,13,0,272,8,0,33,39,934,144,7,76,0,0,0,0,0,0,325,1,4,51,1,0,0,54,1,798,10,0,1,0,0,0,0,2997
2012-06-01,190,0,92,587,0,2396,0,59,0,605,0,2,0,3,12,0,0,0,11,17,0,332,0,0,0,0,0,0,31,15,51,0,0,0,0,8,0,0,43,32,0,0,0,11,0,0,126,0,558,112,0,0,37,0,616,0,0,26,0,320,3,0,17,40,871,236,10,70,0,1,0,0,0,0,793,2,4,68,0,0,0,97,3,928,7,2,2,0,0,0,0,2286
2012-07-01,274,0,145,240,0,2521,0,124,0,413,0,1,1,1,18,0,0,0,6,20,1,4,0,0,0,0,0,0,64,9,90,0,0,0,0,7,0,0,69,22,1,0,0,8,0,0,136,0,254,201,0,0,11,0,809,0,0,30,0,434,14,0,12,42,939,150,11,108,0,0,0,0,0,0,163,2,5,46,0,0,0,290,13,1357,7,1,32,0,0,0,0,3193
2012-08-01,312,0,156,148,1,2323,0,192,0,319,0,0,8,3,15,0,0,0,22,35,0,4,0,0,0,0,0,0,45,1,98,0,0,0,0,14,0,0,36,43,0,0,0,5,0,1,490,0,246,190,0,0,21,0,754,0,0,21,0,493,92,0,30,55,776,177,8,106,0,0,0,0,0,0,102,4,0,76,0,0,0,367,21,978,5,1,123,0,0,0,0,3557
2012-09-01,618,0,94,102,0,921,0,71,0,286,0,1,0,3,8,0,0,0,30,26,0,2,0,0,0,0,0,0,41,1,32,0,0,0,0,14,0,0,25,28,0,0,0,4,0,1,558,0,145,127,0,0,47,0,653,0,1,26,0,289,32,0,23,36,880,95,0,101,2,0,0,0,0,0,67,48,4,38,0,0,0,147,869,826,2,0,47,0,0,0,4,3157
2012-10-01,170,0,122,103,2,636,0,127,0,409,0,0,1,5,6,0,0,0,14,22,1,3,0,0,0,0,0,0,284,2,129,0,0,0,0,9,0,0,10,48,0,0,0,5,0,1,240,0,105,163,0,0,295,0,773,0,0,11,0,554,15,0,62,83,703,78,1,57,0,4,0,0,0,0,45,30,8,74,1,0,0,58,601,677,7,2,46,0,0,0,2,4055
2012-11-01,69,0,92,100,1,631,0,84,0,188,0,1,0,0,8,0,0,0,8,125,0,1,0,0,0,0,0,0,508,0,31,0,0,0,0,9,0,0,2,40,0,0,0,4,0,2,178,0,129,105,0,0,549,0,638,0,0,7,0,602,16,0,13,18,674,85,2,78,0,8,0,0,0,0,33,23,14,64,0,0,0,42,75,644,3,0,14,0,0,0,1,4180
2012-12-01,144,0,119,96,0,755,0,78,0,262,0,0,11,1,5,0,0,0,16,12,0,1,0,0,0,0,0,0,286,1,55,0,0,0,0,7,0,0,4,41,0,0,0,5,0,0,193,0,126,133,0,0,96,0,799,0,0,6,0,1341,11,0,25,42,1042,208,6,71,0,3,0,0,0,0,26,54,11,26,1,0,0,43,26,684,7,3,4,0,0,0,1,3874
2013-01-01,98,1,153,110,3,1402,0,105,0,274,0,1,8,1,1,0,0,0,28,12,1,3,0,0,0,0,0,0,109,2,77,0,0,0,0,15,0,0,0,41,0,0,0,0,0,6,234,0,245,123,1,0,52,0,1130,0,3,6,0,1000,23,0,71,22,1100,143,5,59,0,10,0,0,0,0,41,47,17,103,2,0,0,43,48,638,5,3,6,0,0,0,0,4759
2013-02-01,70,1,101,109,1,1025,0,94,0,248,0,2,137,0,2,0,0,0,59,9,0,0,0,0,0,0,0,0,235,3,90,0,0,0,0,7,0,0,1,48,0,0,0,1,0,3,91,0,253,157,0,0,85,0,707,0,1,31,0,676,9,0,41,69,750,260,5,86,0,25,0,0,0,0,22,106,16,75,2,0,0,51,14,476,7,1,4,0,0,0,8,4265
2013-03-01,91,1,148,274,1,806,0,87,0,393,0,1,106,0,11,0,0,0,49,9,0,1,0,0,0,0,0,0,403,1,102,0,0,0,0,9,0,0,1,36,0,0,0,6,0,2,87,0,480,150,0,0,47,0,661,0,1,27,0,1083,18,0,39,26,1700,137,5,91,1,14,0,0,0,0,40,58,23,81,6,0,0,69,13,532,3,845,7,0,0,0,11,4655
2013-04-01,230,0,159,636,0,488,0,83,0,533,0,0,59,1,8,0,0,0,54,14,2,2,0,0,0,0,0,0,159,10,90,0,0,0,0,9,18,0,1,37,0,0,0,1,0,32,171,0,319,235,0,0,24,0,803,0,0,10,0,1329,19,1,52,25,2300,102,6,74,0,12,0,0,0,0,36,34,10,46,28,1,0,74,8,860,2,1751,13,0,0,0,13,5404
2013-05-01,404,1,152,673,1,299,0,40,0,557,0,0,48,0,7,0,0,0,31,9,0,0,0,0,0,0,0,0,38,4,72,0,0,0,0,12,50,0,1,54,0,0,0,2,0,4,187,0,205,273,0,0,24,0,805,1,0,8,0,650,9,0,48,17,1121,85,9,81,0,15,3,0,0,0,16,29,14,67,49,0,0,43,29,1177,4,280,10,0,0,0,40,4882
2013-06-01,150,0,100,1064,4,659,0,55,0,696,0,2,39,0,2,0,0,0,70,15,1,0,0,0,0,0,0,0,27,4,64,0,0,0,0,11,9,0,1,49,7,0,0,0,0,4,146,0,150,185,2,0,32,0,1086,0,1,30,0,661,42,0,68,24,1861,103,4,105,0,6,4,0,0,0,26,78,12,57,57,2,0,65,35,587,8,117,9,0,0,0,3,5313
2013-07-01,64,0,131,269,1,993,0,115,0,497,0,1,13,4,24,0,0,0,69,7,0,0,0,0,0,0,0,0,64,7,60,0,0,0,0,10,2,0,2,48,28,0,0,8,0,5,159,0,274,219,0,0,20,2,1628,3,0,19,2,648,46,0,59,16,2456,103,10,111,0,18,11,0,0,0,78,78,23,71,22,1,0,143,59,948,4,187,7,0,0,0,11,5839
2013-08-01,95,0,96,201,3,657,0,229,0,458,0,3,27,0,5,0,0,1,40,13,0,2,0,0,0,0,0,0,17,6,273,0,0,0,0,12,7,0,2,71,135,0,0,3,0,3,109,0,303,301,4,0,25,2,1345,4,1,10,0,609,12,0,105,33,1707,94,3,107,3,16,0,0,0,0,55,82,17,97,18,0,0,408,28,784,3,178,3,0,0,0,8,5349
2013-09-01,60,0,100,130,0,751,0,116,0,221,0,1,40,0,5,0,0,0,34,7,1,7,0,0,0,0,0,0,18,3,253,0,0,0,0,8,15,0,2,43,1251,0,0,8,0,2,71,0,165,134,0,0,9,1,1675,0,2,6,3,578,23,0,80,20,1095,55,1,72,3,8,6,0,0,0,171,64,12,68,48,6,0,596,9,361,10,62,7,0,0,0,3,4370
2013-10-01,49,1,106,121,0,749,0,211,1,174,0,0,40,1,3,0,0,0,27,13,0,11,0,0,0,0,0,0,163,2,441,0,0,0,0,10,7,0,1,67,395,0,0,11,0,2,91,0,122,135,0,0,15,0,1312,1,0,5,4,791,22,0,59,17,875,42,5,79,9,8,8,0,0,0,175,49,16,82,172,28,0,75,5,520,3,62,4,0,0,0,20,4509
2013-11-01,314,0,66,103,1,1087,0,124,0,172,0,0,23,0,10,0,0,0,29,11,0,1,0,0,0,0,0,0,160,7,83,0,0,0,0,6,1,0,1,74,83,0,0,6,0,9,98,0,138,212,1,0,10,0,1159,0,2,2,7,388,13,1,50,99,576,33,3,76,13,13,4,0,0,0,237,44,17,79,33,12,0,26,3,580,4,122,3,0,0,0,18,4694
2013-12-01,178,0,63,93,0,897,0,122,0,183,0,0,49,2,5,0,0,0,27,6,1,2,0,0,0,0,0,0,127,2,39,0,0,0,0,5,3,0,2,41,52,0,0,0,0,6,127,0,116,549,2,0,10,1,1612,1,1,6,7,505,15,0,53,54,544,55,2,131,6,9,6,0,0,0,38,78,19,89,39,4,0,15,5,435,1,37,64,0,0,0,2,4758
2014-01-01,56,68,94,142,0,879,0,237,0,243,0,0,40,1,5,0,0,0,44,11,0,0,0,0,0,0,0,0,42,3,45,0,0,0,0,8,2,0,0,73,37,0,0,2,0,19,181,0,180,101,0,0,26,1,1321,1,4,13,1,463,42,32,53,52,627,86,6,79,1,14,2,0,0,0,16,129,16,118,17,31,0,43,5,465,0,36,2,0,0,0,19,5892
2014-02-01,35,47,43,150,1,611,0,88,0,261,0,1,25,0,7,0,0,0,34,3,0,2,0,0,0,0,0,0,99,2,23,0,0,0,0,13,4,0,2,52,20,0,0,0,0,6,147,0,147,84,0,0,22,0,1276,2,2,10,23,381,51,74,66,25,461,82,5,63,7,13,24,0,0,0,30,116,9,117,11,98,0,6,4,390,0,21,6,0,0,0,34,5746
2014-03-01,26,18,149,202,1,1255,0,212,0,375,0,1,26,0,1,0,0,0,304,13,0,65,0,0,0,0,0,0,234,3,22,0,0,0,0,9,7,0,16,44,33,0,0,1,0,5,159,0,136,168,7,0,12,0,1940,0,3,4,11,446,24,162,66,8,640,52,9,57,8,38,11,0,0,0,24,78,17,135,26,3508,0,13,0,465,0,131,0,0,0,0,84,6568
2014-04-01,17,23,101,837,5,757,0,146,0,482,0,0,14,3,5,0,0,22,77,14,0,20,0,0,0,0,0,0,56,5,24,0,0,0,0,13,7,1,3,30,23,0,0,4,0,2,88,0,94,206,2,0,13,0,1834,2,4,11,18,225,19,187,77,20,411,32,7,47,21,28,4,0,0,0,16,69,22,149,33,696,0,14,5,592,1,72,1,0,0,0,175,6381
2014-05-01,17,18,69,775,3,826,0,193,0,520,0,1,61,0,2,0,0,100,39,11,0,0,0,0,0,0,0,0,19,8,39,0,0,0,0,6,11,0,19,29,29,0,0,7,0,14,68,0,89,532,1,0,24,0,2473,7,4,6,4,227,17,33,124,16,313,41,0,53,22,20,10,0,0,0,23,58,45,151,16,396,0,12,5,714,0,21,2,0,0,0,33,6534
2014-06-01,23,7,77,1397,1,823,0,100,4,546,0,1,31,0,7,0,0,100,134,7,0,4,0,0,0,0,0,0,9,4,48,0,0,0,0,11,4,0,326,44,21,0,0,3,0,6,57,0,64,943,13,0,16,70,1967,9,2,4,17,319,28,12,104,15,400,52,3,47,21,28,2,3,0,0,186,48,35,186,24,98,0,8,7,659,2,36,0,0,2,0,29,5894
2014-07-01,41,22,67,419,0,815,0,115,11,687,0,2,58,1,5,0,0,68,79,16,0,2,0,0,0,0,0,0,38,4,26,0,0,0,0,9,6,0,252,61,21,0,0,4,0,5,17,0,105,1008,8,0,16,43,2987,29,1,3,12,348,15,2,171,22,694,48,5,59,30,22,1,0,0,0,187,97,55,144,35,51,0,12,5,660,8,34,1,0,5,0,77,6488
2014-08-01,112,13,45,264,0,727,0,106,4,473,0,2,88,0,9,0,0,88,72,6,0,2,0,0,0,0,0,0,32,149,67,0,0,0,0,5,5,0,194,33,12,0,0,1,0,8,12,0,100,370,8,0,30,44,3173,31,3,8,20,418,10,5,247,24,473,54,6,43,55,23,6,2,0,0,291,116,52,291,27,205,0,14,4,614,0,30,4,0,0,0,118,6955
2014-09-01,88,2,33,129,1,412,0,133,198,254,0,0,124,0,3,0,0,94,74,8,0,1,0,0,0,0,0,0,23,306,47,0,0,0,0,3,2,0,81,31,17,7,0,0,0,6,13,0,93,143,6,0,21,38,3606,34,4,9,158,202,7,12,221,23,166,44,4,57,42,57,40,2,0,0,139,104,67,321,14,300,0,4,8,571,0,22,7,0,2,0,49,6483
2014-10-01,70,11,59,89,0,1675,0,67,81,235,47,0,135,1,5,0,0,42,87,6,0,1,0,0,0,0,0,0,275,408,51,0,0,0,0,6,2,0,2,36,15,5,0,3,0,5,13,0,84,103,15,0,14,44,5824,17,2,3,48,314,18,9,260,19,210,32,2,28,26,59,33,7,0,0,224,72,134,246,28,210,0,6,80,501,3,16,41,0,0,0,51,7009
2014-11-01,75,10,58,48,1,858,0,92,36,207,56,0,105,0,5,0,0,56,55,7,0,0,0,0,0,0,0,0,194,310,91,0,0,0,0,5,0,1,995,72,27,8,0,2,0,6,8,0,63,77,9,0,26,19,5716,15,3,5,34,314,9,6,357,16,207,42,4,36,10,51,15,0,10,0,144,35,1083,223,23,55,0,7,29,661,2,9,6,0,4,0,56,7107
2014-12-01,18,3,27,78,0,596,0,137,107,164,27,0,90,1,5,0,0,45,75,3,0,0,0,0,0,0,0,0,102,429,62,0,0,0,0,3,2,1,217,65,24,17,0,2,0,6,17,0,88,78,33,0,32,34,6208,4,0,2,59,379,26,24,306,11,129,41,3,28,19,112,23,0,4,0,221,79,1578,327,32,79,0,5,19,548,1,4,2,0,2,0,34,7287
2015-01-01,19,4,42,106,0,759,0,199,35,238,37,1,165,0,2,0,0,209,151,10,2,0,0,0,0,0,0,0,41,208,49,0,0,0,0,3,3,0,63,55,20,14,0,5,0,8,10,0,109,67,32,0,22,62,5967,7,2,0,35,244,33,61,244,25,207,35,9,39,36,69,49,0,8,0,107,64,816,481,28,80,0,9,21,756,2,10,4,0,17,0,102,7546
2015-02-01,22,3,45,73,1,435,0,90,21,236,21,2,194,1,2,0,0,174,91,5,0,0,0,0,0,0,0,0,177,156,47,0,0,0,0,4,1,0,54,29,10,26,0,0,0,6,18,0,104,79,60,0,12,51,4776,5,3,4,53,402,25,197,468,58,212,47,2,37,42,80,66,1,13,0,45,68,365,403,16,155,0,11,15,446,4,18,12,0,4,0,67,7826
2015-03-01,20,8,47,126,3,791,0,138,50,322,29,0,159,0,9,0,0,136,71,2,0,0,0,0,0,0,0,0,400,141,44,0,0,0,0,10,1,0,29,16,14,100,0,4,1,13,11,0,127,477,72,0,43,75,5036,3,2,3,56,338,30,1090,441,30,224,57,6,67,27,92,69,1538,4,0,38,136,429,496,17,64,0,6,29,456,0,22,4,0,4,0,136,10007
2015-04-01,12,10,31,370,4,612,0,207,35,399,54,2,348,1,4,0,0,228,46,2,1,0,0,0,0,0,0,0,91,235,29,0,0,0,0,3,1,0,30,46,33,65,0,6,0,8,14,0,78,943,172,0,28,123,5158,11,1,1,170,247,29,843,445,13,187,21,28,35,18,204,29,1262,14,0,36,59,304,393,24,319,0,7,17,570,2,19,7,0,4,0,433,10448
2015-05-01,12,1,25,607,1,652,0,125,493,441,167,3,332,2,8,0,0,345,57,4,0,0,0,0,0,0,0,0,30,260,51,0,0,0,2,7,1,0,23,39,13,30,0,6,0,35,14,0,82,930,131,0,28,2252,6871,3,4,3,94,413,23,362,438,12,201,28,19,71,27,144,18,208,11,0,32,58,289,363,45,111,0,5,8,703,1,17,5,0,14,0,373,10199
2015-06-01,11,6,44,828,3,807,0,118,259,476,226,2,804,0,8,0,0,369,307,3,0,0,0,21,0,0,0,0,23,259,28,0,0,0,8,3,2,0,28,81,9,62,0,15,0,16,9,0,110,907,49,0,51,2356,6950,5,7,0,75,318,27,28,470,12,298,29,8,249,48,89,40,107,3,0,19,119,221,486,31,78,12,2,9,488,1,5,13,0,4,0,80,9563
2015-07-01,35,7,40,281,2,625,0,345,301,210,241,0,890,0,13,1,0,296,269,4,0,7,0,22,0,0,0,0,41,293,29,0,0,0,97,7,2,0,66,50,6,205,0,10,0,25,12,0,149,803,55,0,41,969,8502,3,7,2,114,385,28,12,531,13,192,27,12,160,57,91,25,113,4,0,20,129,159,393,32,71,11,7,15,540,0,15,6,0,5,0,185,9767
2015-08-01,29,14,36,167,1,697,21,153,182,153,337,0,610,2,9,0,0,261,823,3,1,3,0,8,0,0,0,0,27,254,28,0,0,0,167,5,3,0,100,38,3,51,0,2,0,16,15,0,143,813,70,0,21,616,10589,3,5,1,135,326,23,15,599,6,160,25,4,70,69,126,22,72,4,0,32,82,304,468,17,67,18,7,17,532,0,14,15,0,2,0,161,9238
2015-09-01,85,3,26,102,1,549,14,151,551,188,104,0,1001,0,5,161,0,243,3812,3,0,0,0,6,0,0,4,0,35,131,23,0,0,0,93,2,1,0,189,70,1,94,0,2,0,15,15,0,108,736,45,0,129,299,8518,4,6,3,548,461,35,8,581,6,446,44,6,102,95,158,104,77,1,0,23,97,427,417,29,33,6,2,6,488,3,6,23,0,3,0,80,9425
2015-10-01,87,4,41,79,3,752,29,110,160,281,138,0,1020,0,3,1538,0,303,1068,2,0,0,0,62,0,0,1,0,299,136,28,0,0,0,11,3,0,0,355,28,3,146,0,1,0,21,14,0,78,679,51,0,199,367,9436,7,1,4,354,486,37,29,408,18,192,38,12,110,103,283,93,112,3,0,20,92,212,372,16,62,6,3,77,545,6,11,14,0,4,0,67,10712
2015-11-01,140,1,34,59,1,637,13,123,26,148,271,0,971,1,27,2757,0,289,258,2,0,1,0,3818,0,0,0,433,284,82,42,0,0,0,16,4,1,0,673,24,0,65,1,3,0,17,15,0,80,569,74,0,67,214,8069,5,3,1,372,516,28,38,371,15,500,26,4,3141,59,234,25,212,6,0,41,81,147,302,12,21,11,2,12,542,3,13,0,0,29,0,148,10138
2015-12-01,91,4,73,45,0,951,11,124,18,169,131,3,604,0,21,3184,0,441,198,3,0,0,0,2522,0,0,0,801,91,75,23,0,0,0,10,3,2,0,124,85,4,57,1,0,0,21,19,0,66,683,443,0,18,211,7906,231,1,0,245,461,23,16,508,14,321,42,6,1893,104,28102,55,222,10,0,27,166,194,353,40,28,14,3,5,1210,2,7,5,0,75,0,100,11523
2016-01-01,24,3,63,86,0,1240,13,183,23,172,159,0,995,2,21,2890,0,376,181,6,0,2,0,1149,0,0,0,1633,35,112,16,0,0,0,19,5,0,1258,43,45,7,242,0,5,0,18,18,0,50,778,465,0,19,288,6344,41,2,2,240,292,12,40,326,4,223,26,7,722,76,5906,31,117,11,0,26,234,201,354,12,60,13,3,7,719,0,4,6,0,106,0,71,10820
2016-02-01,12,5,12,86,0,719,21,184,17,145,178,1,2172,0,10,1874,0,411,129,71,1,0,0,670,0,0,0,257,129,154,25,0,0,0,10,1,1,1508,21,45,3,300,0,2,0,15,17,0,72,604,159,0,10,248,6931,23,1,3,137,530,12,281,243,16,198,13,5,288,39,211,56,82,4,0,26,110,218,390,22,47,98,4,5,496,0,8,13,0,140,0,63,11003
2016-03-01,17,7,27,126,1,662,15,127,11,135,243,3,2121,2,3,1615,0,386,121,4,0,0,0,646,0,0,0,3,216,124,33,0,0,0,10,5,3,218,19,22,4,96,2,0,0,16,23,0,88,568,101,0,23,200,5642,7,0,1,190,349,11,1140,361,16,139,16,4,315,75,123,46,103,17,0,12,84,120,445,2,92,1262,1,2,693,2,4,9,0,79,0,168,12457
2016-04-01,17,10,28,152,1,790,27,194,30,310,280,2,1438,0,9,1203,0,593,141,5,3,0,0,370,0,0,0,0,210,92,16,0,0,0,8,4,0,81,19,15,2,120,0,1,3,16,63,0,132,404,62,0,8,192,8591,16,0,0,269,368,58,528,277,13,261,18,5,195,68,132,90,98,101,0,26,139,129,352,13,102,4375,6,4,473,1,3,13,0,95,0,306,10765
2016-05-01,16,6,49,305,0,650,11,130,11,544,669,1,1330,0,15,520,0,519,66,5,1,1,0,584,0,0,0,0,44,144,38,0,0,0,4,1,0,35,34,20,6,307,2,1,0,26,48,0,52,359,35,0,8,299,7082,8,2,3,302,237,36,178,243,11,164,21,5,367,252,92,184,61,73,0,33,144,105,406,5,58,683,2,5,599,0,3,8,0,71,0,343,11183
2016-06-01,14,10,17,288,1,736,19,152,11,346,186,0,1306,1,6,115,0,427,41,3,0,0,0,323,0,0,0,0,57,79,33,0,0,0,8,7,1,51,6,20,5,155,3,5,1,27,39,0,97,354,58,0,5,708,7856,9,0,1,167,274,38,139,242,24,181,28,19,213,183,44,141,29,105,0,31,89,134,371,1,39,143,4,5,475,2,0,1180,0,48,1,74,10205
2016-07-01,15,5,22,68,1,474,34,136,7,159,343,1,651,0,8,65,0,659,61,0,4,0,0,210,0,0,0,0,32,69,27,0,2,0,126,2,25,34,5,36,5,479,0,1,3,23,20,0,79,339,59,0,10,315,7624,9,4,1,312,224,43,53,191,13,110,19,6,146,119,116,394,29,77,0,11,88,89,451,4,22,76,4,6,490,1,6,417,0,64,0,48,10345
2016-08-01,12,0,19,26,1,425,35,176,27,281,258,0,562,2,12,77,0,778,119,1,3,1,0,277,0,0,0,0,60,133,41,0,1,0,752,2,126,28,4,30,4,494,0,3,45,32,13,0,97,296,43,0,14,212,6166,10,3,2,373,276,52,382,193,6,155,30,304,171,175,95,537,32,27,0,12,228,134,449,4,11,81,5,7,565,2,7,1812,0,53,0,61,10283
2016-09-01,14,4,13,28,0,505,32,87,159,229,200,0,630,0,6,34,0,729,84,6,0,0,0,252,0,0,1,0,57,116,30,0,1,0,3838,0,124,39,6,28,6,61,0,5,54,37,22,0,105,381,25,0,12,228,5326,5,3,1,240,226,34,887,159,11,135,21,232,157,473,95,870,26,34,0,22,145,87,365,28,31,84,7,3,348,0,16,301,2,34,4,55,9241
2016-10-01,18,1,9,27,0,584,20,87,37,159,246,2,322,0,6,17,0,697,39,1,7,1,0,119,0,0,2,0,201,67,143,0,1,0,757,1,95,19,5,25,1,56,0,3,36,14,13,0,81,283,22,0,11,109,5275,30,8,1,199,218,31,173,138,11,146,46,30,98,506,86,319,22,15,0,15,142,69,397,25,28,296,4,5,304,1,14,295,0,37,236,166,9583
2016-11-01,18,2,14,27,0,393,49,90,14,145,140,1,245,5,8,20,0,582,45,2,0,2,0,114,0,0,0,0,163,40,1356,0,0,0,384,1,71,21,6,58,4,46,2,4,172,32,11,0,115,44,25,0,11,96,5129,13,0,2,202,236,29,25,155,9,111,121,7,52,311,75,141,31,21,0,27,181,101,335,10,9,109,1,4,648,0,4,1610,1,68,619,106,8868
2016-12-01,18,0,13,36,1,420,69,86,22,197,112,0,278,1,15,11,0,822,39,4,1,1,0,64,0,0,0,0,125,50,183,0,2,0,279,0,148,46,46,46,3,38,1,2,925,20,12,0,89,14,28,0,11,137,6016,12,8,1,183,371,25,26,142,6,132,87,20,64,198,431,151,62,14,0,8,603,111,428,12,22,40,3,3,1998,1,5,496,1,196,285,60,9285
2017-01-01,14,4,14,22,0,406,104,107,8,180,85,3,349,7,8,28,0,593,16,2,2,0,0,103,0,0,0,0,44,44,40,0,3,0,249,4,116,71,31,43,6,200,0,11,270,229,11,0,77,13,93,0,15,259,7373,67,0,1,278,328,69,65,246,28,159,56,36,63,151,178,709,104,19,0,15,223,171,473,2,33,101,0,6,1656,0,13,168,7,172,66,43,10315
2017-02-01,12,0,14,35,0,450,57,149,8,134,96,5,483,1,17,27,0,543,17,0,1,0,0,86,0,0,0,0,50,37,20,0,3,0,211,1,112,89,4,24,2,60,1000,2,149,410,15,0,160,8,22,0,28,214,6179,3,2,0,347,263,69,102,143,211,112,57,20,42,120,77,278,44,23,0,33,220,153,452,2,18,211,6,5,1256,0,11,94,31,755,25,74,9679
2017-03-01,23,4,10,28,1,509,47,136,23,155,89,1,434,2,2,12,0,507,17,1,0,1,0,54,0,0,0,0,86,47,22,0,1,0,217,3,244,74,5,43,0,43,1394,2,169,376,17,0,10412,12,14,0,13,236,6564,2,4,1,400,587,42,596,116,1470,282,31,10,49,167,115,375,69,42,0,32,158,139,491,7,44,406,3,2,2208,6,8,101,1215,808,10,127,12826
2017-04-01,144,17,20,27,0,733,56,115,13,142,139,1,512,0,13,8,0,343,20,3,2,0,0,45,0,0,0,0,77,65,24,0,5,0,216,2,594,110,4,49,1,55,1195,8,118,548,19,0,4279,14,13,0,11,238,7216,3,1,1,442,391,79,818,122,233,220,32,26,34,146,109,283,53,106,0,14,95,97,440,9,19,158,8,3,1382,2,7,97,829,597,9,112,12424
2017-05-01,195,4,20,34,0,680,60,158,11,111,120,0,692,0,5,5,0,238,32,0,2,0,0,68,0,0,0,0,18,117,5,0,20,0,206,3,862,45,2,25,3,232,911,0,140,435,30,0,1056,17,10,0,5,159,7568,2,1,0,393,319,49,1583,144,58,167,16,16,37,117,67,250,70,203,0,14,87,111,631,9,25,64,3,4,1770,0,2,112,433,145,11,190,12987
2017-06-01,214,3,8,56,4,507,87,84,15,134,85,0,571,1,9,16,0,205,40,3,1,0,0,60,0,0,0,0,15,133,17,0,35,0,179,2,1981,16,1,13,2,38,777,3,141,510,40,0,672,13,37,0,6,161,7161,3,2,1,270,323,38,1149,150,30,121,33,10,61,126,41,246,42,311,0,19,86,83,540,3,19,51,3,2,1621,0,7,94,246,82,11,131,11972
2017-07-01,196,4,16,167,0,472,153,169,27,220,117,1,371,1,11,11,0,361,41,4,0,0,0,64,0,0,0,0,24,192,18,0,17,0,221,4,756,23,3,16,0,92,798,0,113,543,22,0,442,11,29,0,3,156,7919,3,5,0,289,301,60,134,144,34,95,24,12,48,128,32,303,24,344,0,29,117,101,570,30,22,37,6,2,1890,0,8,99,413,84,7,241,11639
2017-08-01,38,0,19,353,2,535,139,177,95,300,31,1,303,0,12,61,0,222,41,4,0,1,0,50,0,0,0,0,8,231,11,0,30,0,50,3,532,12,3,13,0,38,807,4,62,472,19,0,339,21,16,0,9,139,7240,2,2,0,360,362,53,398,182,24,101,25,17,42,182,35,278,28,312,0,29,135,83,523,6,15,27,3,4,1319,0,8,78,493,84,9,119,12137
2017-09-01,12,1,25,43,0,557,189,174,814,157,8,0,332,2,10,33,0,171,20,2,1,0,27,57,0,0,0,0,12,106,14,0,26,0,15,4,326,20,2,44,0,39,848,0,57,290,13,0,227,8,26,0,6,97,8230,2,1,0,263,235,64,1113,216,29,104,12,10,51,97,40,357,23,368,0,22,124,102,485,7,11,23,2,0,1524,1,2,85,331,61,5,62,10931
2017-10-01,22,3,15,21,0,417,161,97,101,72,17,0,282,0,10,10,0,176,40,5,0,0,852,69,0,0,3,0,30,129,19,0,48,0,96,0,255,10,0,98,1,33,1076,1,21,410,6,0,224,12,38,0,8,78,7027,4,7,0,317,271,42,1735,256,17,127,16,4,53,49,59,1556,25,322,0,22,91,45,545,15,6,18,3,1,1602,0,3,68,170,56,5,111,12307
2017-11-01,26,11,16,29,1,628,165,86,61,119,24,0,244,0,9,12,0,121,34,5,0,0,1161,45,0,0,1,0,42,145,700,0,74,0,124,0,149,6,2,18,2,58,1058,0,62,549,7,0,265,14,136,0,1,82,6051,2,3,0,362,419,28,261,185,20,147,20,1,37,58,66,799,20,200,0,26,68,50,490,5,5,23,1,4,1349,0,4,18,293,88,10,330,11364
2017-12-01,79,3,24,14,9,434,263,92,63,70,43,0,225,0,3,3,0,152,36,5,0,0,2913,39,0,0,0,0,83,205,56,0,76,0,65,2,236,2,5,22,0,24,1088,0,55,316,11,0,267,7,1265,0,0,74,5527,5,0,0,430,452,32,222,172,37,84,15,10,41,74,528,647,26,195,0,7,66,70,553,9,20,21,3,2,2215,0,2,8,256,208,9,176,11105
2018-01-01,34,12,8,29,1,463,218,173,27,57,7,3,207,0,13,6,0,128,9,5,0,0,2107,73,0,0,0,0,23,130,34,0,59,0,21,6,267,18,3,39,6,24,957,0,38,527,21,0,275,5,1061,0,1,78,6239,12,4,0,360,289,52,803,277,19,129,18,26,45,82,187,650,47,140,0,11,117,38,571,4,15,30,1,0,1382,0,2,24,143,76,14,124,12241
2018-02-01,31,6,11,11,0,394,214,125,10,56,23,1,197,1,6,3,0,112,70,3,1,0,1363,67,0,0,0,0,23,110,14,0,109,0,13,12,266,24,1,48,3,4,928,0,22,600,10,0,267,11,654,0,7,67,5656,0,3,1,302,217,60,883,122,12,90,19,16,34,57,64,614,30,139,0,20,142,51,651,4,9,24,3,2,1398,1,1,8,94,66,25,270,11730
2018-03-01,33,2,6,10,0,373,288,155,10,62,30,5,192,0,9,1,0,100,39,2,0,0,1230,37,0,0,4,0,46,167,14,0,114,0,8,0,303,12,2,25,1,40,1012,2,22,699,21,0,174,16,660,0,3,70,7609,16,2,0,496,303,37,101,196,9,131,7,8,51,60,59,782,212,195,0,8,107,40,708,26,15,23,2,1,1351,0,3,13,140,145,15,289,13146
2018-04-01,18,1,19,5,1,465,428,134,67,70,12,1,188,0,19,7,0,107,19,3,0,0,538,41,0,0,0,0,59,221,12,0,104,0,12,1,437,32,1,25,3,22,1254,1,19,603,19,0,28,21,495,0,4,61,7328,13,3,0,573,363,64,39,211,16,153,12,11,35,92,38,536,100,613,0,24,74,72,924,13,8,26,1,2,1445,1,10,25,107,191,155,444,15170
2018-05-01,13,8,65,5,1,663,260,110,73,45,11,3,169,3,10,7,0,97,16,4,5,1,496,30,0,0,1,0,19,157,26,0,107,0,12,5,266,19,11,23,0,105,1266,2,31,699,103,0,22,14,402,0,8,57,5258,11,4,0,711,184,46,59,210,11,165,21,5,38,59,120,471,35,914,0,13,86,68,660,6,9,18,6,1,1161,0,10,25,121,738,145,697,16559
2018-06-01,23,3,24,11,1,383,325,150,55,43,5,1,137,3,12,2,0,116,21,1,2,0,428,31,0,0,0,0,30,137,9,0,138,0,10,4,273,10,2,12,1,41,1367,5,26,743,59,2,24,7,323,0,10,51,5498,55,2,1,988,280,100,45,180,12,132,21,13,62,68,66,511,48,4801,0,8,61,43,619,7,6,30,1,2,915,3,3,14,96,808,152,151,15551
2018-07-01,39,7,42,15,5,636,728,105,48,45,21,18,132,1,11,4,0,93,34,0,2,0,387,42,0,1,0,0,29,137,11,0,151,0,12,7,524,14,4,49,3,151,1218,2,15,1157,28,1,31,15,318,0,7,86,5139,62,11,1,621,208,78,21,143,10,144,21,2,56,39,71,620,24,4030,0,19,54,107,824,7,7,22,2,3,768,11,3,18,97,288,21,227,18202
2018-08-01,19,2,92,16,3,978,535,107,86,74,19,2,102,0,14,6,0,109,23,17,5,0,480,39,0,0,11,0,5,80,10,0,252,2442,9,6,420,5,2,33,2,39,1135,3,17,1485,16,4,27,43,420,0,6,61,4912,205,3,2,458,195,52,9,164,14,149,26,9,57,43,32,1572,27,447,0,21,49,65,713,6,8,16,9,5,577,20,3,19,37,87,7,262,20689
2018-09-01,41,3,83,11,3,914,387,117,295,45,21,5,132,1,6,27,0,121,22,2,8,1,441,41,0,0,0,0,15,55,7,0,266,0,10,6,387,11,4,37,1,10,1078,2,21,1390,8,0,20,21,616,0,9,94,4300,192,4,0,585,197,67,11,84,13,183,28,10,37,42,39,1694,17,669,0,21,48,56,592,7,12,31,1,2,526,3,7,27,39,67,9,221,40902
2018-10-01,145,5,62,19,8,943,469,222,84,53,11,3,120,0,11,112,0,355,17,4,1197,4,291,28,1315,0,0,0,48,61,18,0,496,0,5,7,331,0,1,33,2,7,1343,4,19,1612,36,0,21,15,313,0,10,114,4267,337,2,0,667,188,59,6,107,5,193,12,6,68,58,43,1494,20,499,0,23,34,58,559,4,5,16,2,4,615,6,8,33,41,102,3,241,35489
2018-11-01,95,8,65,23,0,882,595,145,127,49,14,4,97,0,5,277,0,202,18,0,9108,12,240,26,0,0,0,0,120,48,76,0,545,0,11,13,154,5,2,15,0,10,1495,0,24,1508,22,0,46,16,224,0,9,62,3664,3299,1,0,644,240,171,13,130,8,253,19,5,115,36,38,1477,34,257,0,20,58,44,643,1,16,21,3,5,594,3,4,112,56,103,3,118,22136
2018-12-01,73,11,101,21,3,810,1741,132,137,64,33,4,117,0,11,47,0,247,25,3,2571,1,141,22,0,0,0,0,29,43,23,0,497,0,3,10,113,13,2,42,0,23,1316,5,20,1878,23,1,29,27,237,0,7,52,3851,1056,3,0,518,319,161,20,110,12,589,10,6,62,39,20,1930,25,280,0,14,51,65,702,6,3,28,5,10,783,1,10,38,69,97,2,222,25866
2019-01-01,24,15,203,66,6,1101,1267,231,99,71,15,5,130,0,7,70,0,244,52,7,2376,5,130,28,0,0,0,0,9,61,28,0,1173,0,7,17,81,15,3,25,0,137,1492,8,21,2097,74,6,23,24,273,0,13,75,4786,275,1,0,573,252,361,13,131,14,272,21,12,56,52,43,2131,40,319,0,25,30,74,937,18,8,28,1,5,801,7,5,40,61,200,3,261,31105
2019-02-01,28,10,81,51,9,1070,942,100,49,62,9,11,156,0,9,34,0,254,53,2,983,2,148,18,0,0,0,0,19,72,54,0,900,0,4,13,129,16,9,40,1,26,1349,1,36,1319,36,2,34,25,189,0,9,57,4627,125,2,0,633,343,1993,17,116,38,265,19,4,53,89,15,1528,39,260,0,20,34,52,805,48,13,15,3,4,722,5,4,24,43,239,6,229,29320
2019-03-01,17,9,113,114,3,1003,921,116,270,73,18,8,141,0,6,31,0,364,47,4,667,2,186,13,0,0,0,0,69,73,62,0,1430,0,6,19,110,44,12,46,1,11,1092,4,54,2272,51,2488,40,34,128,0,20,51,5956,76,2,1,693,427,403,19,174,9,261,31,5,39,78,23,1611,52,262,0,20,96,71,754,20,8,32,2,33,790,9,18,20,59,425,7,646,33247
2019-04-01,8,7,178,389,6,1763,1108,108,64,162,14,31,114,0,5,28,0,245,32,3,405,2,159,11,0,0,0,0,46,65,70,0,1298,0,13,25,142,63,1,40,0,16,937,0,31,1939,33,1865,27,18,127,0,15,62,4709,78,1,0,831,296,189,20,166,10,237,14,13,48,124,58,1511,43,226,0,11,80,58,816,8,7,14,9,67,916,11,3,28,48,341,13,1780,45060
2019-05-01,0,0,0,0,0,0,0,0,0,0,0,0,0,0,0,0,0,0,0,0,0,0,0,0,0,2,0,0,0,0,0,0,1,0,0,0,0,0,0,0,0,0,4,0,0,0,0,0,1,0,0,0,0,0,4,1,0,0,0,0,0,0,0,0,0,0,0,0,0,0,0,0,0,0,0,0,0,0,0,0,0,0,0,0,0,0,0,0,0,0,0,4
